{
    "1": 0.7700304526898697,
    "3": 0.6217112127917075,
    "5": 0.8141983998170097,
    "4": 0.9290844027227636,
    "2": 0.7706357112020857,
    "6": 0.9463129088
}