{
    "1": 0.8632634437266486,
    "3": 0.7163574177897347,
    "5": 0.8209546527244076,
    "4": 0.6958666620575217,
    "2": 0.6276645547505647,
    "6": 0.9463129088
}