{
    "1": 0.7815679311752319,
    "3": 0.6766005158424377,
    "5": 0.6733316779136658,
    "4": 0.7080749869346619,
    "2": 0.6804417371749878,
    "6": 0.9463129088
}