{
    "1": 0.7949906646422678,
    "3": 0.6508114951792576,
    "5": 0.6609848629601304,
    "4": 0.6685290947130869,
    "2": 0.9350234497582512,
    "6": 0.9463129088
}