{
    "1": 0.6303303241729736,
    "3": 0.9142866730690002,
    "5": 0.5884965062141418,
    "4": 0.6642966270446777,
    "2": 0.6229352355003357,
    "6": 0.9463129088
}