{
    "1": 0.8957088526517522,
    "3": 0.6184003576341062,
    "5": 0.5249411154997439,
    "4": 0.6604283813262944,
    "2": 0.8026971744756607,
    "6": 0.9463129088
}