{
    "1": 0.8241814224031145,
    "3": 0.6469736012239081,
    "5": 0.7258916206708834,
    "4": 0.7846811522713538,
    "2": 0.9360765235693276,
    "6": 0.9463129088
}