{
    "1": 0.7928531663059061,
    "3": 0.591787427931382,
    "5": 0.7957821469186378,
    "4": 0.7521248531182401,
    "2": 0.7835371644524758,
    "6": 0.9463129088
}