{
    "1": 0.7183188199996948,
    "3": 0.8256312608718872,
    "5": 0.6054163575172424,
    "4": 0.6245462894439697,
    "2": 0.902944803237915,
    "6": 0.9463129088
}